recording_id,original_audio_path,cached_audio_path,status,preprocessed,samplerate,channels,duration_sec,samples_before,samples_after,active_intervals,retained_fraction,ffmpeg_warning
Andean Tinamou_sound/Andean Tinamou15,D:\other\Bird\Dataset\CC0\Andean Tinamou_sound\Andean Tinamou15.mp3,D:\other\Bird\Code\data\kaggle_training_wav_cache_sp\Andean Tinamou_sound\Andean Tinamou15.wav,too_short_after_preprocess,,,,4.76721875,157159,152551,6,0.9706793756641363,
Andean Tinamou_sound/Andean Tinamou16,D:\other\Bird\Dataset\CC0\Andean Tinamou_sound\Andean Tinamou16.mp3,D:\other\Bird\Code\data\kaggle_training_wav_cache_sp\Andean Tinamou_sound\Andean Tinamou16.wav,too_short_after_preprocess,,,,4.76721875,157159,152551,6,0.9706793756641363,
Andean Tinamou_sound/Andean Tinamou2,D:\other\Bird\Dataset\CC0\Andean Tinamou_sound\Andean Tinamou2.mp3,D:\other\Bird\Code\data\kaggle_training_wav_cache_sp\Andean Tinamou_sound\Andean Tinamou2.wav,too_short_after_preprocess,,,,1.968,64512,62976,1,0.9761904761904762,
Andean Tinamou_sound/Andean Tinamou27,D:\other\Bird\Dataset\CC0\Andean Tinamou_sound\Andean Tinamou27.mp3,D:\other\Bird\Code\data\kaggle_training_wav_cache_sp\Andean Tinamou_sound\Andean Tinamou27.wav,too_short_after_preprocess,,,,4.94728125,158825,158313,1,0.9967763261451282,
Andean Tinamou_sound/Andean Tinamou3,D:\other\Bird\Dataset\CC0\Andean Tinamou_sound\Andean Tinamou3.mp3,D:\other\Bird\Code\data\kaggle_training_wav_cache_sp\Andean Tinamou_sound\Andean Tinamou3.wav,too_short_after_preprocess,,,,4.544,252448,145408,19,0.5759918874382051,
Andean Tinamou_sound/Andean Tinamou31,D:\other\Bird\Dataset\CC0\Andean Tinamou_sound\Andean Tinamou31.mp3,D:\other\Bird\Code\data\kaggle_training_wav_cache_sp\Andean Tinamou_sound\Andean Tinamou31.wav,too_short_after_preprocess,,,,3.904,298423,124928,17,0.4186272505805518,
Andean Tinamou_sound/Andean Tinamou4,D:\other\Bird\Dataset\CC0\Andean Tinamou_sound\Andean Tinamou4.mp3,D:\other\Bird\Code\data\kaggle_training_wav_cache_sp\Andean Tinamou_sound\Andean Tinamou4.wav,too_short_after_preprocess,,,,2.976,143778,95232,17,0.6623544631306598,
Andean Tinamou_sound/Andean Tinamou5,D:\other\Bird\Dataset\CC0\Andean Tinamou_sound\Andean Tinamou5.mp3,D:\other\Bird\Code\data\kaggle_training_wav_cache_sp\Andean Tinamou_sound\Andean Tinamou5.wav,too_short_after_preprocess,,,,2.976,143778,95232,17,0.6623544631306598,
Australian Brushturkey_sound/Australian Brushturkey10,D:\other\Bird\Dataset\CC0\Australian Brushturkey_sound\Australian Brushturkey10.mp3,D:\other\Bird\Code\data\kaggle_training_wav_cache_sp\Australian Brushturkey_sound\Australian Brushturkey10.wav,too_short_after_preprocess,,,,3.438625,110036,110036,1,1.0,
Australian Brushturkey_sound/Australian Brushturkey11,D:\other\Bird\Dataset\CC0\Australian Brushturkey_sound\Australian Brushturkey11.mp3,D:\other\Bird\Code\data\kaggle_training_wav_cache_sp\Australian Brushturkey_sound\Australian Brushturkey11.wav,too_short_after_preprocess,,,,3.438625,110036,110036,1,1.0,
Australian Brushturkey_sound/Australian Brushturkey12,D:\other\Bird\Dataset\CC0\Australian Brushturkey_sound\Australian Brushturkey12.mp3,D:\other\Bird\Code\data\kaggle_training_wav_cache_sp\Australian Brushturkey_sound\Australian Brushturkey12.wav,too_short_after_preprocess,,,,3.438625,110036,110036,1,1.0,
Australian Brushturkey_sound/Australian Brushturkey13,D:\other\Bird\Dataset\CC0\Australian Brushturkey_sound\Australian Brushturkey13.mp3,D:\other\Bird\Code\data\kaggle_training_wav_cache_sp\Australian Brushturkey_sound\Australian Brushturkey13.wav,too_short_after_preprocess,,,,3.438625,110036,110036,1,1.0,
Australian Brushturkey_sound/Australian Brushturkey14,D:\other\Bird\Dataset\CC0\Australian Brushturkey_sound\Australian Brushturkey14.mp3,D:\other\Bird\Code\data\kaggle_training_wav_cache_sp\Australian Brushturkey_sound\Australian Brushturkey14.wav,too_short_after_preprocess,,,,3.438625,110036,110036,1,1.0,
Australian Brushturkey_sound/Australian Brushturkey15,D:\other\Bird\Dataset\CC0\Australian Brushturkey_sound\Australian Brushturkey15.mp3,D:\other\Bird\Code\data\kaggle_training_wav_cache_sp\Australian Brushturkey_sound\Australian Brushturkey15.wav,too_short_after_preprocess,,,,3.438625,110036,110036,1,1.0,
Australian Brushturkey_sound/Australian Brushturkey16,D:\other\Bird\Dataset\CC0\Australian Brushturkey_sound\Australian Brushturkey16.mp3,D:\other\Bird\Code\data\kaggle_training_wav_cache_sp\Australian Brushturkey_sound\Australian Brushturkey16.wav,too_short_after_preprocess,,,,2.848,91952,91136,2,0.9911258047677048,
Australian Brushturkey_sound/Australian Brushturkey18,D:\other\Bird\Dataset\CC0\Australian Brushturkey_sound\Australian Brushturkey18.mp3,D:\other\Bird\Code\data\kaggle_training_wav_cache_sp\Australian Brushturkey_sound\Australian Brushturkey18.wav,too_short_after_preprocess,,,,1.9608125,62746,62746,1,1.0,
Australian Brushturkey_sound/Australian Brushturkey9,D:\other\Bird\Dataset\CC0\Australian Brushturkey_sound\Australian Brushturkey9.mp3,D:\other\Bird\Code\data\kaggle_training_wav_cache_sp\Australian Brushturkey_sound\Australian Brushturkey9.wav,too_short_after_preprocess,,,,2.8144375,90062,90062,1,1.0,
Band-tailed Guan_sound/Band-tailed Guan15,D:\other\Bird\Dataset\CC0\Band-tailed Guan_sound\Band-tailed Guan15.mp3,D:\other\Bird\Code\data\kaggle_training_wav_cache_sp\Band-tailed Guan_sound\Band-tailed Guan15.wav,too_short_after_preprocess,,,,3.168,107728,101376,3,0.9410366849844052,
Berlepschs Tinamou_sound/Berlepschs Tinamou3,D:\other\Bird\Dataset\CC0\Berlepschs Tinamou_sound\Berlepschs Tinamou3.mp3,D:\other\Bird\Code\data\kaggle_training_wav_cache_sp\Berlepschs Tinamou_sound\Berlepschs Tinamou3.wav,too_short_after_preprocess,,,,4.736,417960,151552,29,0.3625992917982582,
Berlepschs Tinamou_sound/Berlepschs Tinamou2,D:\other\Bird\Dataset\CC0\Berlepschs Tinamou_sound\Berlepschs Tinamou2.mp3,D:\other\Bird\Code\data\kaggle_training_wav_cache_sp\Berlepschs Tinamou_sound\Berlepschs Tinamou2.wav,too_short_after_preprocess,,,,4.736,417960,151552,29,0.3625992917982582,
Berlepschs Tinamou_sound/Berlepschs Tinamou4,D:\other\Bird\Dataset\CC0\Berlepschs Tinamou_sound\Berlepschs Tinamou4.mp3,D:\other\Bird\Code\data\kaggle_training_wav_cache_sp\Berlepschs Tinamou_sound\Berlepschs Tinamou4.wav,too_short_after_preprocess,,,,4.736,417960,151552,29,0.3625992917982582,
Berlepschs Tinamou_sound/Berlepschs Tinamou5,D:\other\Bird\Dataset\CC0\Berlepschs Tinamou_sound\Berlepschs Tinamou5.mp3,D:\other\Bird\Code\data\kaggle_training_wav_cache_sp\Berlepschs Tinamou_sound\Berlepschs Tinamou5.wav,too_short_after_preprocess,,,,4.736,417960,151552,29,0.3625992917982582,
Berlepschs Tinamou_sound/Berlepschs Tinamou6,D:\other\Bird\Dataset\CC0\Berlepschs Tinamou_sound\Berlepschs Tinamou6.mp3,D:\other\Bird\Code\data\kaggle_training_wav_cache_sp\Berlepschs Tinamou_sound\Berlepschs Tinamou6.wav,too_short_after_preprocess,,,,4.736,417960,151552,29,0.3625992917982582,
Berlepschs Tinamou_sound/Berlepschs Tinamou8,D:\other\Bird\Dataset\CC0\Berlepschs Tinamou_sound\Berlepschs Tinamou8.mp3,D:\other\Bird\Code\data\kaggle_training_wav_cache_sp\Berlepschs Tinamou_sound\Berlepschs Tinamou8.wav,too_short_after_preprocess,,,,4.08,402077,130560,22,0.32471392295505586,
Biak Scrubfowl_sound/Biak Scrubfowl2,D:\other\Bird\Dataset\CC0\Biak Scrubfowl_sound\Biak Scrubfowl2.mp3,D:\other\Bird\Code\data\kaggle_training_wav_cache_sp\Biak Scrubfowl_sound\Biak Scrubfowl2.wav,too_short_after_preprocess,,,,4.848,192000,155136,1,0.808,
Biak Scrubfowl_sound/Biak Scrubfowl3,D:\other\Bird\Dataset\CC0\Biak Scrubfowl_sound\Biak Scrubfowl3.mp3,D:\other\Bird\Code\data\kaggle_training_wav_cache_sp\Biak Scrubfowl_sound\Biak Scrubfowl3.wav,too_short_after_preprocess,,,,4.848,192000,155136,1,0.808,
Black Tinamou_sound/Black Tinamou10,D:\other\Bird\Dataset\CC0\Black Tinamou_sound\Black Tinamou10.mp3,D:\other\Bird\Code\data\kaggle_training_wav_cache_sp\Black Tinamou_sound\Black Tinamou10.wav,too_short_after_preprocess,,,,2.848,130196,91136,6,0.6999907831269778,
Black-capped Tinamou_sound/Black-capped Tinamou10,D:\other\Bird\Dataset\CC0\Black-capped Tinamou_sound\Black-capped Tinamou10.mp3,D:\other\Bird\Code\data\kaggle_training_wav_cache_sp\Black-capped Tinamou_sound\Black-capped Tinamou10.wav,too_short_after_preprocess,,,,3.4844375,112014,111502,1,0.9954291427857233,
Black-capped Tinamou_sound/Black-capped Tinamou13,D:\other\Bird\Dataset\CC0\Black-capped Tinamou_sound\Black-capped Tinamou13.mp3,D:\other\Bird\Code\data\kaggle_training_wav_cache_sp\Black-capped Tinamou_sound\Black-capped Tinamou13.wav,too_short_after_preprocess,,,,3.8805,126224,124176,1,0.9837748764101915,
Black-capped Tinamou_sound/Black-capped Tinamou21,D:\other\Bird\Dataset\CC0\Black-capped Tinamou_sound\Black-capped Tinamou21.mp3,D:\other\Bird\Code\data\kaggle_training_wav_cache_sp\Black-capped Tinamou_sound\Black-capped Tinamou21.wav,too_short_after_preprocess,,,,2.448,82572,78336,1,0.9486993169597442,
Black-capped Tinamou_sound/Black-capped Tinamou26,D:\other\Bird\Dataset\CC0\Black-capped Tinamou_sound\Black-capped Tinamou26.mp3,D:\other\Bird\Code\data\kaggle_training_wav_cache_sp\Black-capped Tinamou_sound\Black-capped Tinamou26.wav,too_short_after_preprocess,,,,1.23275,42008,39448,2,0.9390592268139402,
Black-capped Tinamou_sound/Black-capped Tinamou27,D:\other\Bird\Dataset\CC0\Black-capped Tinamou_sound\Black-capped Tinamou27.mp3,D:\other\Bird\Code\data\kaggle_training_wav_cache_sp\Black-capped Tinamou_sound\Black-capped Tinamou27.wav,too_short_after_preprocess,,,,1.23275,42008,39448,2,0.9390592268139402,
Black-capped Tinamou_sound/Black-capped Tinamou28,D:\other\Bird\Dataset\CC0\Black-capped Tinamou_sound\Black-capped Tinamou28.mp3,D:\other\Bird\Code\data\kaggle_training_wav_cache_sp\Black-capped Tinamou_sound\Black-capped Tinamou28.wav,too_short_after_preprocess,,,,3.28,146304,104960,7,0.7174103237095363,
Black-capped Tinamou_sound/Black-capped Tinamou8,D:\other\Bird\Dataset\CC0\Black-capped Tinamou_sound\Black-capped Tinamou8.mp3,D:\other\Bird\Code\data\kaggle_training_wav_cache_sp\Black-capped Tinamou_sound\Black-capped Tinamou8.wav,too_short_after_preprocess,,,,2.784,145920,89088,16,0.6105263157894737,
Black-fronted Piping Guan_sound/Black-fronted Piping Guan12,D:\other\Bird\Dataset\CC0\Black-fronted Piping Guan_sound\Black-fronted Piping Guan12.mp3,D:\other\Bird\Code\data\kaggle_training_wav_cache_sp\Black-fronted Piping Guan_sound\Black-fronted Piping Guan12.wav,too_short_after_preprocess,,,,4.656,168856,148992,1,0.8823613019377458,
Brazilian Tinamou_sound/Brazilian Tinamou2,D:\other\Bird\Dataset\CC0\Brazilian Tinamou_sound\Brazilian Tinamou2.mp3,D:\other\Bird\Code\data\kaggle_training_wav_cache_sp\Brazilian Tinamou_sound\Brazilian Tinamou2.wav,too_short_after_preprocess,,,,1.264,40960,40448,1,0.9875,
Brown Tinamou_sound/Brown Tinamou10,D:\other\Bird\Dataset\CC0\Brown Tinamou_sound\Brown Tinamou10.mp3,D:\other\Bird\Code\data\kaggle_training_wav_cache_sp\Brown Tinamou_sound\Brown Tinamou10.wav,too_short_after_preprocess,,,,4.896,234243,156672,13,0.6688438928804703,
Brown Tinamou_sound/Brown Tinamou24,D:\other\Bird\Dataset\CC0\Brown Tinamou_sound\Brown Tinamou24.mp3,D:\other\Bird\Code\data\kaggle_training_wav_cache_sp\Brown Tinamou_sound\Brown Tinamou24.wav,too_short_after_preprocess,,,,3.552,833411,113664,6,0.13638408900290494,
Brown Tinamou_sound/Brown Tinamou26,D:\other\Bird\Dataset\CC0\Brown Tinamou_sound\Brown Tinamou26.mp3,D:\other\Bird\Code\data\kaggle_training_wav_cache_sp\Brown Tinamou_sound\Brown Tinamou26.wav,too_short_after_preprocess,,,,3.552,833411,113664,6,0.13638408900290494,
Brown Tinamou_sound/Brown Tinamou25,D:\other\Bird\Dataset\CC0\Brown Tinamou_sound\Brown Tinamou25.mp3,D:\other\Bird\Code\data\kaggle_training_wav_cache_sp\Brown Tinamou_sound\Brown Tinamou25.wav,too_short_after_preprocess,,,,3.552,833411,113664,6,0.13638408900290494,
Brown Tinamou_sound/Brown Tinamou27,D:\other\Bird\Dataset\CC0\Brown Tinamou_sound\Brown Tinamou27.mp3,D:\other\Bird\Code\data\kaggle_training_wav_cache_sp\Brown Tinamou_sound\Brown Tinamou27.wav,too_short_after_preprocess,,,,3.552,833411,113664,6,0.13638408900290494,
Brown Tinamou_sound/Brown Tinamou9,D:\other\Bird\Dataset\CC0\Brown Tinamou_sound\Brown Tinamou9.mp3,D:\other\Bird\Code\data\kaggle_training_wav_cache_sp\Brown Tinamou_sound\Brown Tinamou9.wav,too_short_after_preprocess,,,,4.896,234243,156672,13,0.6688438928804703,
Brushland Tinamou_sound/Brushland Tinamou2,D:\other\Bird\Dataset\CC0\Brushland Tinamou_sound\Brushland Tinamou2.mp3,D:\other\Bird\Code\data\kaggle_training_wav_cache_sp\Brushland Tinamou_sound\Brushland Tinamou2.wav,too_short_after_preprocess,,,,2.304,81085,73728,1,0.9092680520441512,
Brushland Tinamou_sound/Brushland Tinamou3,D:\other\Bird\Dataset\CC0\Brushland Tinamou_sound\Brushland Tinamou3.mp3,D:\other\Bird\Code\data\kaggle_training_wav_cache_sp\Brushland Tinamou_sound\Brushland Tinamou3.wav,too_short_after_preprocess,,,,2.304,81085,73728,1,0.9092680520441512,
Buff-browed Chachalaca_sound/Buff-browed Chachalaca5,D:\other\Bird\Dataset\CC0\Buff-browed Chachalaca_sound\Buff-browed Chachalaca5.mp3,D:\other\Bird\Code\data\kaggle_training_wav_cache_sp\Buff-browed Chachalaca_sound\Buff-browed Chachalaca5.wav,too_short_after_preprocess,,,,4.208,210432,134656,11,0.6399026763990268,
Buff-browed Chachalaca_sound/Buff-browed Chachalaca6,D:\other\Bird\Dataset\CC0\Buff-browed Chachalaca_sound\Buff-browed Chachalaca6.mp3,D:\other\Bird\Code\data\kaggle_training_wav_cache_sp\Buff-browed Chachalaca_sound\Buff-browed Chachalaca6.wav,too_short_after_preprocess,,,,3.344,321792,107008,4,0.3325377883850438,
Buff-browed Chachalaca_sound/Buff-browed Chachalaca7,D:\other\Bird\Dataset\CC0\Buff-browed Chachalaca_sound\Buff-browed Chachalaca7.mp3,D:\other\Bird\Code\data\kaggle_training_wav_cache_sp\Buff-browed Chachalaca_sound\Buff-browed Chachalaca7.wav,too_short_after_preprocess,,,,3.344,321792,107008,4,0.3325377883850438,
Chestnut-bellied Guan_sound/Chestnut-bellied Guan12,D:\other\Bird\Dataset\CC0\Chestnut-bellied Guan_sound\Chestnut-bellied Guan12.mp3,D:\other\Bird\Code\data\kaggle_training_wav_cache_sp\Chestnut-bellied Guan_sound\Chestnut-bellied Guan12.wav,too_short_after_preprocess,,,,3.1880625,102018,102018,1,1.0,
Chestnut-bellied Guan_sound/Chestnut-bellied Guan13,D:\other\Bird\Dataset\CC0\Chestnut-bellied Guan_sound\Chestnut-bellied Guan13.mp3,D:\other\Bird\Code\data\kaggle_training_wav_cache_sp\Chestnut-bellied Guan_sound\Chestnut-bellied Guan13.wav,too_short_after_preprocess,,,,3.1880625,102018,102018,1,1.0,
Chestnut-winged Chachalaca_sound/Chestnut-winged Chachalaca27,D:\other\Bird\Dataset\CC0\Chestnut-winged Chachalaca_sound\Chestnut-winged Chachalaca27.mp3,D:\other\Bird\Code\data\kaggle_training_wav_cache_sp\Chestnut-winged Chachalaca_sound\Chestnut-winged Chachalaca27.wav,too_short_after_preprocess,,,,4.1091875,131494,131494,1,1.0,
Chilean Tinamou_sound/Chilean Tinamou13,D:\other\Bird\Dataset\CC0\Chilean Tinamou_sound\Chilean Tinamou13.mp3,D:\other\Bird\Code\data\kaggle_training_wav_cache_sp\Chilean Tinamou_sound\Chilean Tinamou13.wav,too_short_after_preprocess,,,,2.304,81085,73728,1,0.9092680520441512,
Chilean Tinamou_sound/Chilean Tinamou2,D:\other\Bird\Dataset\CC0\Chilean Tinamou_sound\Chilean Tinamou2.mp3,D:\other\Bird\Code\data\kaggle_training_wav_cache_sp\Chilean Tinamou_sound\Chilean Tinamou2.wav,too_short_after_preprocess,,,,0.464,89280,14848,1,0.16630824372759856,
Chilean Tinamou_sound/Chilean Tinamou3,D:\other\Bird\Dataset\CC0\Chilean Tinamou_sound\Chilean Tinamou3.mp3,D:\other\Bird\Code\data\kaggle_training_wav_cache_sp\Chilean Tinamou_sound\Chilean Tinamou3.wav,too_short_after_preprocess,,,,0.464,89280,14848,1,0.16630824372759856,
Chilean Tinamou_sound/Chilean Tinamou4,D:\other\Bird\Dataset\CC0\Chilean Tinamou_sound\Chilean Tinamou4.mp3,D:\other\Bird\Code\data\kaggle_training_wav_cache_sp\Chilean Tinamou_sound\Chilean Tinamou4.wav,too_short_after_preprocess,,,,0.464,89280,14848,1,0.16630824372759856,
Chilean Tinamou_sound/Chilean Tinamou5,D:\other\Bird\Dataset\CC0\Chilean Tinamou_sound\Chilean Tinamou5.mp3,D:\other\Bird\Code\data\kaggle_training_wav_cache_sp\Chilean Tinamou_sound\Chilean Tinamou5.wav,too_short_after_preprocess,,,,0.464,89280,14848,1,0.16630824372759856,
Chilean Tinamou_sound/Chilean Tinamou6,D:\other\Bird\Dataset\CC0\Chilean Tinamou_sound\Chilean Tinamou6.mp3,D:\other\Bird\Code\data\kaggle_training_wav_cache_sp\Chilean Tinamou_sound\Chilean Tinamou6.wav,too_short_after_preprocess,,,,0.464,89280,14848,1,0.16630824372759856,
Choco Tinamou_sound/Choco Tinamou3,D:\other\Bird\Dataset\CC0\Choco Tinamou_sound\Choco Tinamou3.mp3,D:\other\Bird\Code\data\kaggle_training_wav_cache_sp\Choco Tinamou_sound\Choco Tinamou3.wav,too_short_after_preprocess,,,,3.84,297587,122880,14,0.41292126336163876,
Choco Tinamou_sound/Choco Tinamou4,D:\other\Bird\Dataset\CC0\Choco Tinamou_sound\Choco Tinamou4.mp3,D:\other\Bird\Code\data\kaggle_training_wav_cache_sp\Choco Tinamou_sound\Choco Tinamou4.wav,too_short_after_preprocess,,,,3.84,297587,122880,14,0.41292126336163876,
Common Ostrich_sound/Common Ostrich4,D:\other\Bird\Dataset\CC0\Common Ostrich_sound\Common Ostrich4.mp3,D:\other\Bird\Code\data\kaggle_training_wav_cache_sp\Common Ostrich_sound\Common Ostrich4.wav,too_short_after_preprocess,,,,4.576,148992,146432,2,0.9828178694158075,
Curve-billed Tinamou_sound/Curve-billed Tinamou6,D:\other\Bird\Dataset\CC0\Curve-billed Tinamou_sound\Curve-billed Tinamou6.mp3,D:\other\Bird\Code\data\kaggle_training_wav_cache_sp\Curve-billed Tinamou_sound\Curve-billed Tinamou6.wav,too_short_after_preprocess,,,,1.936,132864,61952,7,0.4662813102119461,
Curve-billed Tinamou_sound/Curve-billed Tinamou7,D:\other\Bird\Dataset\CC0\Curve-billed Tinamou_sound\Curve-billed Tinamou7.mp3,D:\other\Bird\Code\data\kaggle_training_wav_cache_sp\Curve-billed Tinamou_sound\Curve-billed Tinamou7.wav,too_short_after_preprocess,,,,1.936,132864,61952,7,0.4662813102119461,
Curve-billed Tinamou_sound/Curve-billed Tinamou8,D:\other\Bird\Dataset\CC0\Curve-billed Tinamou_sound\Curve-billed Tinamou8.mp3,D:\other\Bird\Code\data\kaggle_training_wav_cache_sp\Curve-billed Tinamou_sound\Curve-billed Tinamou8.wav,too_short_after_preprocess,,,,1.936,132864,61952,7,0.4662813102119461,
Darwins Nothura_sound/Darwins Nothura3,D:\other\Bird\Dataset\CC0\Darwins Nothura_sound\Darwins Nothura3.mp3,D:\other\Bird\Code\data\kaggle_training_wav_cache_sp\Darwins Nothura_sound\Darwins Nothura3.wav,too_short_after_preprocess,,,,2.72,406257,87040,8,0.21424861602384698,
Dusky Megapode_sound/Dusky Megapode19,D:\other\Bird\Dataset\CC0\Dusky Megapode_sound\Dusky Megapode19.mp3,D:\other\Bird\Code\data\kaggle_training_wav_cache_sp\Dusky Megapode_sound\Dusky Megapode19.wav,too_short_after_preprocess,,,,4.26346875,266479,136431,5,0.5119765534995253,
Dusky Megapode_sound/Dusky Megapode26,D:\other\Bird\Dataset\CC0\Dusky Megapode_sound\Dusky Megapode26.mp3,D:\other\Bird\Code\data\kaggle_training_wav_cache_sp\Dusky Megapode_sound\Dusky Megapode26.wav,too_short_after_preprocess,,,,3.488,144000,111616,1,0.7751111111111111,
Dusky Megapode_sound/Dusky Megapode27,D:\other\Bird\Dataset\CC0\Dusky Megapode_sound\Dusky Megapode27.mp3,D:\other\Bird\Code\data\kaggle_training_wav_cache_sp\Dusky Megapode_sound\Dusky Megapode27.wav,too_short_after_preprocess,,,,4.848,192000,155136,1,0.808,
Dusky Megapode_sound/Dusky Megapode28,D:\other\Bird\Dataset\CC0\Dusky Megapode_sound\Dusky Megapode28.mp3,D:\other\Bird\Code\data\kaggle_training_wav_cache_sp\Dusky Megapode_sound\Dusky Megapode28.wav,too_short_after_preprocess,,,,4.848,192000,155136,1,0.808,
Dusky Megapode_sound/Dusky Megapode29,D:\other\Bird\Dataset\CC0\Dusky Megapode_sound\Dusky Megapode29.mp3,D:\other\Bird\Code\data\kaggle_training_wav_cache_sp\Dusky Megapode_sound\Dusky Megapode29.wav,too_short_after_preprocess,,,,4.848,192000,155136,1,0.808,
Dusky Megapode_sound/Dusky Megapode30,D:\other\Bird\Dataset\CC0\Dusky Megapode_sound\Dusky Megapode30.mp3,D:\other\Bird\Code\data\kaggle_training_wav_cache_sp\Dusky Megapode_sound\Dusky Megapode30.wav,too_short_after_preprocess,,,,4.848,192000,155136,1,0.808,
Dusky Megapode_sound/Dusky Megapode31,D:\other\Bird\Dataset\CC0\Dusky Megapode_sound\Dusky Megapode31.mp3,D:\other\Bird\Code\data\kaggle_training_wav_cache_sp\Dusky Megapode_sound\Dusky Megapode31.wav,too_short_after_preprocess,,,,4.848,192000,155136,1,0.808,
Dwarf Tinamou_sound/Dwarf Tinamou15,D:\other\Bird\Dataset\CC0\Dwarf Tinamou_sound\Dwarf Tinamou15.mp3,D:\other\Bird\Code\data\kaggle_training_wav_cache_sp\Dwarf Tinamou_sound\Dwarf Tinamou15.wav,too_short_after_preprocess,,,,4.34609375,140611,139075,4,0.9890762458129165,
Dwarf Tinamou_sound/Dwarf Tinamou25,D:\other\Bird\Dataset\CC0\Dwarf Tinamou_sound\Dwarf Tinamou25.mp3,D:\other\Bird\Code\data\kaggle_training_wav_cache_sp\Dwarf Tinamou_sound\Dwarf Tinamou25.wav,too_short_after_preprocess,,,,3.456,195605,110592,8,0.5653843204417065,
Dwarf Tinamou_sound/Dwarf Tinamou26,D:\other\Bird\Dataset\CC0\Dwarf Tinamou_sound\Dwarf Tinamou26.mp3,D:\other\Bird\Code\data\kaggle_training_wav_cache_sp\Dwarf Tinamou_sound\Dwarf Tinamou26.wav,too_short_after_preprocess,,,,3.456,195605,110592,8,0.5653843204417065,
Dwarf Tinamou_sound/Dwarf Tinamou30,D:\other\Bird\Dataset\CC0\Dwarf Tinamou_sound\Dwarf Tinamou30.mp3,D:\other\Bird\Code\data\kaggle_training_wav_cache_sp\Dwarf Tinamou_sound\Dwarf Tinamou30.wav,too_short_after_preprocess,,,,4.695,156896,150240,4,0.9575769936773404,
Dwarf Tinamou_sound/Dwarf Tinamou31,D:\other\Bird\Dataset\CC0\Dwarf Tinamou_sound\Dwarf Tinamou31.mp3,D:\other\Bird\Code\data\kaggle_training_wav_cache_sp\Dwarf Tinamou_sound\Dwarf Tinamou31.wav,too_short_after_preprocess,,,,4.695,156896,150240,4,0.9575769936773404,
Elegant Crested Tinamou_sound/Elegant Crested Tinamou10,D:\other\Bird\Dataset\CC0\Elegant Crested Tinamou_sound\Elegant Crested Tinamou10.mp3,D:\other\Bird\Code\data\kaggle_training_wav_cache_sp\Elegant Crested Tinamou_sound\Elegant Crested Tinamou10.wav,too_short_after_preprocess,,,,2.192,232386,70144,10,0.3018426239102183,
Elegant Crested Tinamou_sound/Elegant Crested Tinamou11,D:\other\Bird\Dataset\CC0\Elegant Crested Tinamou_sound\Elegant Crested Tinamou11.mp3,D:\other\Bird\Code\data\kaggle_training_wav_cache_sp\Elegant Crested Tinamou_sound\Elegant Crested Tinamou11.wav,too_short_after_preprocess,,,,2.192,232386,70144,10,0.3018426239102183,
Elegant Crested Tinamou_sound/Elegant Crested Tinamou12,D:\other\Bird\Dataset\CC0\Elegant Crested Tinamou_sound\Elegant Crested Tinamou12.mp3,D:\other\Bird\Code\data\kaggle_training_wav_cache_sp\Elegant Crested Tinamou_sound\Elegant Crested Tinamou12.wav,too_short_after_preprocess,,,,2.944,106162,94208,1,0.8873985041728679,
Elegant Crested Tinamou_sound/Elegant Crested Tinamou13,D:\other\Bird\Dataset\CC0\Elegant Crested Tinamou_sound\Elegant Crested Tinamou13.mp3,D:\other\Bird\Code\data\kaggle_training_wav_cache_sp\Elegant Crested Tinamou_sound\Elegant Crested Tinamou13.wav,too_short_after_preprocess,,,,2.256,89444,72192,1,0.8071195384821788,
Elegant Crested Tinamou_sound/Elegant Crested Tinamou2,D:\other\Bird\Dataset\CC0\Elegant Crested Tinamou_sound\Elegant Crested Tinamou2.mp3,D:\other\Bird\Code\data\kaggle_training_wav_cache_sp\Elegant Crested Tinamou_sound\Elegant Crested Tinamou2.wav,too_short_after_preprocess,,,,2.08,588099,66560,18,0.11317822339436047,
Elegant Crested Tinamou_sound/Elegant Crested Tinamou4,D:\other\Bird\Dataset\CC0\Elegant Crested Tinamou_sound\Elegant Crested Tinamou4.mp3,D:\other\Bird\Code\data\kaggle_training_wav_cache_sp\Elegant Crested Tinamou_sound\Elegant Crested Tinamou4.wav,too_short_after_preprocess,,,,2.096,310962,67072,6,0.21569194949865256,
Elegant Crested Tinamou_sound/Elegant Crested Tinamou5,D:\other\Bird\Dataset\CC0\Elegant Crested Tinamou_sound\Elegant Crested Tinamou5.mp3,D:\other\Bird\Code\data\kaggle_training_wav_cache_sp\Elegant Crested Tinamou_sound\Elegant Crested Tinamou5.wav,too_short_after_preprocess,,,,3.312,296752,105984,12,0.3571467083625384,
Elegant Crested Tinamou_sound/Elegant Crested Tinamou8,D:\other\Bird\Dataset\CC0\Elegant Crested Tinamou_sound\Elegant Crested Tinamou8.mp3,D:\other\Bird\Code\data\kaggle_training_wav_cache_sp\Elegant Crested Tinamou_sound\Elegant Crested Tinamou8.wav,too_short_after_preprocess,,,,1.04,157989,33280,4,0.21064757673002552,
Elegant Crested Tinamou_sound/Elegant Crested Tinamou9,D:\other\Bird\Dataset\CC0\Elegant Crested Tinamou_sound\Elegant Crested Tinamou9.mp3,D:\other\Bird\Code\data\kaggle_training_wav_cache_sp\Elegant Crested Tinamou_sound\Elegant Crested Tinamou9.wav,too_short_after_preprocess,,,,2.192,232386,70144,10,0.3018426239102183,
Emu_sound/Emu11,D:\other\Bird\Dataset\CC0\Emu_sound\Emu11.mp3,D:\other\Bird\Code\data\kaggle_training_wav_cache_sp\Emu_sound\Emu11.wav,too_short_after_preprocess,,,,3.5434375,113390,113390,1,1.0,
Greater Rhea_sound/Greater Rhea10,D:\other\Bird\Dataset\CC0\Greater Rhea_sound\Greater Rhea10.mp3,D:\other\Bird\Code\data\kaggle_training_wav_cache_sp\Greater Rhea_sound\Greater Rhea10.wav,too_short_after_preprocess,,,,3.45953125,111217,110705,1,0.9953963872429574,
Greater Rhea_sound/Greater Rhea11,D:\other\Bird\Dataset\CC0\Greater Rhea_sound\Greater Rhea11.mp3,D:\other\Bird\Code\data\kaggle_training_wav_cache_sp\Greater Rhea_sound\Greater Rhea11.wav,too_short_after_preprocess,,,,3.45953125,111217,110705,1,0.9953963872429574,
Greater Rhea_sound/Greater Rhea12,D:\other\Bird\Dataset\CC0\Greater Rhea_sound\Greater Rhea12.mp3,D:\other\Bird\Code\data\kaggle_training_wav_cache_sp\Greater Rhea_sound\Greater Rhea12.wav,too_short_after_preprocess,,,,3.9445,126224,126224,1,1.0,
Greater Rhea_sound/Greater Rhea13,D:\other\Bird\Dataset\CC0\Greater Rhea_sound\Greater Rhea13.mp3,D:\other\Bird\Code\data\kaggle_training_wav_cache_sp\Greater Rhea_sound\Greater Rhea13.wav,too_short_after_preprocess,,,,3.9445,126224,126224,1,1.0,
Greater Rhea_sound/Greater Rhea16,D:\other\Bird\Dataset\CC0\Greater Rhea_sound\Greater Rhea16.mp3,D:\other\Bird\Code\data\kaggle_training_wav_cache_sp\Greater Rhea_sound\Greater Rhea16.wav,too_short_after_preprocess,,,,3.01840625,96589,96589,1,1.0,
Greater Rhea_sound/Greater Rhea21,D:\other\Bird\Dataset\CC0\Greater Rhea_sound\Greater Rhea21.mp3,D:\other\Bird\Code\data\kaggle_training_wav_cache_sp\Greater Rhea_sound\Greater Rhea21.wav,too_short_after_preprocess,,,,1.12328125,35945,35945,1,1.0,
Greater Rhea_sound/Greater Rhea22,D:\other\Bird\Dataset\CC0\Greater Rhea_sound\Greater Rhea22.mp3,D:\other\Bird\Code\data\kaggle_training_wav_cache_sp\Greater Rhea_sound\Greater Rhea22.wav,too_short_after_preprocess,,,,1.43675,45976,45976,1,1.0,
Greater Rhea_sound/Greater Rhea23,D:\other\Bird\Dataset\CC0\Greater Rhea_sound\Greater Rhea23.mp3,D:\other\Bird\Code\data\kaggle_training_wav_cache_sp\Greater Rhea_sound\Greater Rhea23.wav,too_short_after_preprocess,,,,1.43675,45976,45976,1,1.0,
Greater Rhea_sound/Greater Rhea24,D:\other\Bird\Dataset\CC0\Greater Rhea_sound\Greater Rhea24.mp3,D:\other\Bird\Code\data\kaggle_training_wav_cache_sp\Greater Rhea_sound\Greater Rhea24.wav,too_short_after_preprocess,,,,1.52,63993,48640,4,0.7600831340927914,
Greater Rhea_sound/Greater Rhea9,D:\other\Bird\Dataset\CC0\Greater Rhea_sound\Greater Rhea9.mp3,D:\other\Bird\Code\data\kaggle_training_wav_cache_sp\Greater Rhea_sound\Greater Rhea9.wav,too_short_after_preprocess,,,,3.45953125,111217,110705,1,0.9953963872429574,
Grey Tinamou_sound/Grey Tinamou17,D:\other\Bird\Dataset\CC0\Grey Tinamou_sound\Grey Tinamou17.mp3,D:\other\Bird\Code\data\kaggle_training_wav_cache_sp\Grey Tinamou_sound\Grey Tinamou17.wav,too_short_after_preprocess,,,,4.576,160407,146432,1,0.9128778669260069,
Grey Tinamou_sound/Grey Tinamou8,D:\other\Bird\Dataset\CC0\Grey Tinamou_sound\Grey Tinamou8.mp3,D:\other\Bird\Code\data\kaggle_training_wav_cache_sp\Grey Tinamou_sound\Grey Tinamou8.wav,too_short_after_preprocess,,,,4.6498125,148794,148794,1,1.0,
Grey Tinamou_sound/Grey Tinamou9,D:\other\Bird\Dataset\CC0\Grey Tinamou_sound\Grey Tinamou9.mp3,D:\other\Bird\Code\data\kaggle_training_wav_cache_sp\Grey Tinamou_sound\Grey Tinamou9.wav,too_short_after_preprocess,,,,4.6498125,148794,148794,1,1.0,
Highland Tinamou_sound/Highland Tinamou6,D:\other\Bird\Dataset\CC0\Highland Tinamou_sound\Highland Tinamou6.mp3,D:\other\Bird\Code\data\kaggle_training_wav_cache_sp\Highland Tinamou_sound\Highland Tinamou6.wav,too_short_after_preprocess,,,,4.224,495700,135168,12,0.27268105709098245,
Highland Tinamou_sound/Highland Tinamou7,D:\other\Bird\Dataset\CC0\Highland Tinamou_sound\Highland Tinamou7.mp3,D:\other\Bird\Code\data\kaggle_training_wav_cache_sp\Highland Tinamou_sound\Highland Tinamou7.wav,too_short_after_preprocess,,,,4.224,495700,135168,12,0.27268105709098245,
Hooded Tinamou_sound/Hooded Tinamou16,D:\other\Bird\Dataset\CC0\Hooded Tinamou_sound\Hooded Tinamou16.mp3,D:\other\Bird\Code\data\kaggle_training_wav_cache_sp\Hooded Tinamou_sound\Hooded Tinamou16.wav,too_short_after_preprocess,,,,4.736,417960,151552,29,0.3625992917982582,
Huayco Tinamou_sound/Huayco Tinamou4,D:\other\Bird\Dataset\CC0\Huayco Tinamou_sound\Huayco Tinamou4.mp3,D:\other\Bird\Code\data\kaggle_training_wav_cache_sp\Huayco Tinamou_sound\Huayco Tinamou4.wav,too_short_after_preprocess,,,,3.392,2486858,108544,9,0.043647043779741344,
Marail Guan_sound/Marail Guan11,D:\other\Bird\Dataset\CC0\Marail Guan_sound\Marail Guan11.mp3,D:\other\Bird\Code\data\kaggle_training_wav_cache_sp\Marail Guan_sound\Marail Guan11.wav,too_short_after_preprocess,,,,4.83265625,154645,154645,1,1.0,
Melanesian Megapode_sound/Melanesian Megapode7,D:\other\Bird\Dataset\CC0\Melanesian Megapode_sound\Melanesian Megapode7.mp3,D:\other\Bird\Code\data\kaggle_training_wav_cache_sp\Melanesian Megapode_sound\Melanesian Megapode7.wav,too_short_after_preprocess,,,,2.544,96967,81408,3,0.8395433497994162,
Micronesian Megapode_sound/Micronesian Megapode4,D:\other\Bird\Dataset\CC0\Micronesian Megapode_sound\Micronesian Megapode4.mp3,D:\other\Bird\Code\data\kaggle_training_wav_cache_sp\Micronesian Megapode_sound\Micronesian Megapode4.wav,too_short_after_preprocess,,,,4.208,188082,134656,5,0.7159430461181825,
Micronesian Megapode_sound/Micronesian Megapode6,D:\other\Bird\Dataset\CC0\Micronesian Megapode_sound\Micronesian Megapode6.mp3,D:\other\Bird\Code\data\kaggle_training_wav_cache_sp\Micronesian Megapode_sound\Micronesian Megapode6.wav,too_short_after_preprocess,,,,3.696,125388,118272,1,0.943248157718442,
Orange-footed Scrubfowl_sound/Orange-footed Scrubfowl3,D:\other\Bird\Dataset\CC0\Orange-footed Scrubfowl_sound\Orange-footed Scrubfowl3.mp3,D:\other\Bird\Code\data\kaggle_training_wav_cache_sp\Orange-footed Scrubfowl_sound\Orange-footed Scrubfowl3.wav,too_short_after_preprocess,,,,3.36,224863,107520,5,0.4781578116453129,
Ornate Tinamou_sound/Ornate Tinamou12,D:\other\Bird\Dataset\CC0\Ornate Tinamou_sound\Ornate Tinamou12.mp3,D:\other\Bird\Code\data\kaggle_training_wav_cache_sp\Ornate Tinamou_sound\Ornate Tinamou12.wav,too_short_after_preprocess,,,,4.26809375,137091,136579,1,0.9962652544660117,
Ornate Tinamou_sound/Ornate Tinamou13,D:\other\Bird\Dataset\CC0\Ornate Tinamou_sound\Ornate Tinamou13.mp3,D:\other\Bird\Code\data\kaggle_training_wav_cache_sp\Ornate Tinamou_sound\Ornate Tinamou13.wav,too_short_after_preprocess,,,,4.26809375,137091,136579,1,0.9962652544660117,
Ornate Tinamou_sound/Ornate Tinamou6,D:\other\Bird\Dataset\CC0\Ornate Tinamou_sound\Ornate Tinamou6.mp3,D:\other\Bird\Code\data\kaggle_training_wav_cache_sp\Ornate Tinamou_sound\Ornate Tinamou6.wav,too_short_after_preprocess,,,,4.24,289536,135680,12,0.46861184792219274,
Ornate Tinamou_sound/Ornate Tinamou7,D:\other\Bird\Dataset\CC0\Ornate Tinamou_sound\Ornate Tinamou7.mp3,D:\other\Bird\Code\data\kaggle_training_wav_cache_sp\Ornate Tinamou_sound\Ornate Tinamou7.wav,too_short_after_preprocess,,,,2.64,227370,84480,15,0.37155297532656023,
Pale-browed Tinamou_sound/Pale-browed Tinamou10,D:\other\Bird\Dataset\CC0\Pale-browed Tinamou_sound\Pale-browed Tinamou10.mp3,D:\other\Bird\Code\data\kaggle_training_wav_cache_sp\Pale-browed Tinamou_sound\Pale-browed Tinamou10.wav,too_short_after_preprocess,,,,2.8,254640,89600,23,0.3518693056864593,
Pale-browed Tinamou_sound/Pale-browed Tinamou11,D:\other\Bird\Dataset\CC0\Pale-browed Tinamou_sound\Pale-browed Tinamou11.mp3,D:\other\Bird\Code\data\kaggle_training_wav_cache_sp\Pale-browed Tinamou_sound\Pale-browed Tinamou11.wav,too_short_after_preprocess,,,,2.8,254640,89600,23,0.3518693056864593,
Pale-browed Tinamou_sound/Pale-browed Tinamou12,D:\other\Bird\Dataset\CC0\Pale-browed Tinamou_sound\Pale-browed Tinamou12.mp3,D:\other\Bird\Code\data\kaggle_training_wav_cache_sp\Pale-browed Tinamou_sound\Pale-browed Tinamou12.wav,too_short_after_preprocess,,,,2.8,254640,89600,23,0.3518693056864593,
Pale-browed Tinamou_sound/Pale-browed Tinamou13,D:\other\Bird\Dataset\CC0\Pale-browed Tinamou_sound\Pale-browed Tinamou13.mp3,D:\other\Bird\Code\data\kaggle_training_wav_cache_sp\Pale-browed Tinamou_sound\Pale-browed Tinamou13.wav,too_short_after_preprocess,,,,3.696,589323,118272,9,0.20069130171400065,
Pale-browed Tinamou_sound/Pale-browed Tinamou14,D:\other\Bird\Dataset\CC0\Pale-browed Tinamou_sound\Pale-browed Tinamou14.mp3,D:\other\Bird\Code\data\kaggle_training_wav_cache_sp\Pale-browed Tinamou_sound\Pale-browed Tinamou14.wav,too_short_after_preprocess,,,,3.696,589323,118272,9,0.20069130171400065,
Pale-browed Tinamou_sound/Pale-browed Tinamou15,D:\other\Bird\Dataset\CC0\Pale-browed Tinamou_sound\Pale-browed Tinamou15.mp3,D:\other\Bird\Code\data\kaggle_training_wav_cache_sp\Pale-browed Tinamou_sound\Pale-browed Tinamou15.wav,too_short_after_preprocess,,,,3.696,589323,118272,9,0.20069130171400065,
Pale-browed Tinamou_sound/Pale-browed Tinamou19,D:\other\Bird\Dataset\CC0\Pale-browed Tinamou_sound\Pale-browed Tinamou19.mp3,D:\other\Bird\Code\data\kaggle_training_wav_cache_sp\Pale-browed Tinamou_sound\Pale-browed Tinamou19.wav,too_short_after_preprocess,,,,1.968,1169450,62976,4,0.05385095557740818,
Pale-browed Tinamou_sound/Pale-browed Tinamou20,D:\other\Bird\Dataset\CC0\Pale-browed Tinamou_sound\Pale-browed Tinamou20.mp3,D:\other\Bird\Code\data\kaggle_training_wav_cache_sp\Pale-browed Tinamou_sound\Pale-browed Tinamou20.wav,too_short_after_preprocess,,,,1.968,1169450,62976,4,0.05385095557740818,
Pale-browed Tinamou_sound/Pale-browed Tinamou21,D:\other\Bird\Dataset\CC0\Pale-browed Tinamou_sound\Pale-browed Tinamou21.mp3,D:\other\Bird\Code\data\kaggle_training_wav_cache_sp\Pale-browed Tinamou_sound\Pale-browed Tinamou21.wav,too_short_after_preprocess,,,,1.968,1169450,62976,4,0.05385095557740818,
Pale-browed Tinamou_sound/Pale-browed Tinamou29,D:\other\Bird\Dataset\CC0\Pale-browed Tinamou_sound\Pale-browed Tinamou29.mp3,D:\other\Bird\Code\data\kaggle_training_wav_cache_sp\Pale-browed Tinamou_sound\Pale-browed Tinamou29.wav,too_short_after_preprocess,,,,2.9,92800,92800,1,1.0,
Pale-browed Tinamou_sound/Pale-browed Tinamou31,D:\other\Bird\Dataset\CC0\Pale-browed Tinamou_sound\Pale-browed Tinamou31.mp3,D:\other\Bird\Code\data\kaggle_training_wav_cache_sp\Pale-browed Tinamou_sound\Pale-browed Tinamou31.wav,too_short_after_preprocess,,,,1.264,40960,40448,1,0.9875,
Pale-browed Tinamou_sound/Pale-browed Tinamou5,D:\other\Bird\Dataset\CC0\Pale-browed Tinamou_sound\Pale-browed Tinamou5.mp3,D:\other\Bird\Code\data\kaggle_training_wav_cache_sp\Pale-browed Tinamou_sound\Pale-browed Tinamou5.wav,too_short_after_preprocess,,,,1.89746875,84783,60719,9,0.7161695151150584,
Pale-browed Tinamou_sound/Pale-browed Tinamou6,D:\other\Bird\Dataset\CC0\Pale-browed Tinamou_sound\Pale-browed Tinamou6.mp3,D:\other\Bird\Code\data\kaggle_training_wav_cache_sp\Pale-browed Tinamou_sound\Pale-browed Tinamou6.wav,too_short_after_preprocess,,,,1.616,240968,51712,13,0.2146011088609276,
Pale-browed Tinamou_sound/Pale-browed Tinamou7,D:\other\Bird\Dataset\CC0\Pale-browed Tinamou_sound\Pale-browed Tinamou7.mp3,D:\other\Bird\Code\data\kaggle_training_wav_cache_sp\Pale-browed Tinamou_sound\Pale-browed Tinamou7.wav,too_short_after_preprocess,,,,2.8,254640,89600,23,0.3518693056864593,
Pale-browed Tinamou_sound/Pale-browed Tinamou8,D:\other\Bird\Dataset\CC0\Pale-browed Tinamou_sound\Pale-browed Tinamou8.mp3,D:\other\Bird\Code\data\kaggle_training_wav_cache_sp\Pale-browed Tinamou_sound\Pale-browed Tinamou8.wav,too_short_after_preprocess,,,,2.8,254640,89600,23,0.3518693056864593,
Pale-browed Tinamou_sound/Pale-browed Tinamou9,D:\other\Bird\Dataset\CC0\Pale-browed Tinamou_sound\Pale-browed Tinamou9.mp3,D:\other\Bird\Code\data\kaggle_training_wav_cache_sp\Pale-browed Tinamou_sound\Pale-browed Tinamou9.wav,too_short_after_preprocess,,,,2.8,254640,89600,23,0.3518693056864593,
Quebracho Crested Tinamou_sound/Quebracho Crested Tinamou10,D:\other\Bird\Dataset\CC0\Quebracho Crested Tinamou_sound\Quebracho Crested Tinamou10.mp3,D:\other\Bird\Code\data\kaggle_training_wav_cache_sp\Quebracho Crested Tinamou_sound\Quebracho Crested Tinamou10.wav,too_short_after_preprocess,,,,1.744,99995,55808,5,0.5581079053952698,
Red-legged Tinamou_sound/Red-legged Tinamou16,D:\other\Bird\Dataset\CC0\Red-legged Tinamou_sound\Red-legged Tinamou16.mp3,D:\other\Bird\Code\data\kaggle_training_wav_cache_sp\Red-legged Tinamou_sound\Red-legged Tinamou16.wav,too_short_after_preprocess,,,,4.5699375,146238,146238,1,1.0,
Red-legged Tinamou_sound/Red-legged Tinamou26,D:\other\Bird\Dataset\CC0\Red-legged Tinamou_sound\Red-legged Tinamou26.mp3,D:\other\Bird\Code\data\kaggle_training_wav_cache_sp\Red-legged Tinamou_sound\Red-legged Tinamou26.wav,too_short_after_preprocess,,,,4.395625,140660,140660,1,1.0,
Red-legged Tinamou_sound/Red-legged Tinamou27,D:\other\Bird\Dataset\CC0\Red-legged Tinamou_sound\Red-legged Tinamou27.mp3,D:\other\Bird\Code\data\kaggle_training_wav_cache_sp\Red-legged Tinamou_sound\Red-legged Tinamou27.wav,too_short_after_preprocess,,,,4.395625,140660,140660,1,1.0,
Red-legged Tinamou_sound/Red-legged Tinamou28,D:\other\Bird\Dataset\CC0\Red-legged Tinamou_sound\Red-legged Tinamou28.mp3,D:\other\Bird\Code\data\kaggle_training_wav_cache_sp\Red-legged Tinamou_sound\Red-legged Tinamou28.wav,too_short_after_preprocess,,,,4.395625,140660,140660,1,1.0,
Red-legged Tinamou_sound/Red-legged Tinamou29,D:\other\Bird\Dataset\CC0\Red-legged Tinamou_sound\Red-legged Tinamou29.mp3,D:\other\Bird\Code\data\kaggle_training_wav_cache_sp\Red-legged Tinamou_sound\Red-legged Tinamou29.wav,too_short_after_preprocess,,,,4.395625,140660,140660,1,1.0,
Red-legged Tinamou_sound/Red-legged Tinamou30,D:\other\Bird\Dataset\CC0\Red-legged Tinamou_sound\Red-legged Tinamou30.mp3,D:\other\Bird\Code\data\kaggle_training_wav_cache_sp\Red-legged Tinamou_sound\Red-legged Tinamou30.wav,too_short_after_preprocess,,,,4.395625,140660,140660,1,1.0,
Red-legged Tinamou_sound/Red-legged Tinamou31,D:\other\Bird\Dataset\CC0\Red-legged Tinamou_sound\Red-legged Tinamou31.mp3,D:\other\Bird\Code\data\kaggle_training_wav_cache_sp\Red-legged Tinamou_sound\Red-legged Tinamou31.wav,too_short_after_preprocess,,,,4.395625,140660,140660,1,1.0,
Red-winged Tinamou_sound/Red-winged Tinamou18,D:\other\Bird\Dataset\CC0\Red-winged Tinamou_sound\Red-winged Tinamou18.mp3,D:\other\Bird\Code\data\kaggle_training_wav_cache_sp\Red-winged Tinamou_sound\Red-winged Tinamou18.wav,too_short_after_preprocess,,,,2.272,208144,72704,7,0.34929664078714734,
Red-winged Tinamou_sound/Red-winged Tinamou19,D:\other\Bird\Dataset\CC0\Red-winged Tinamou_sound\Red-winged Tinamou19.mp3,D:\other\Bird\Code\data\kaggle_training_wav_cache_sp\Red-winged Tinamou_sound\Red-winged Tinamou19.wav,too_short_after_preprocess,,,,2.272,208144,72704,7,0.34929664078714734,
Red-winged Tinamou_sound/Red-winged Tinamou27,D:\other\Bird\Dataset\CC0\Red-winged Tinamou_sound\Red-winged Tinamou27.mp3,D:\other\Bird\Code\data\kaggle_training_wav_cache_sp\Red-winged Tinamou_sound\Red-winged Tinamou27.wav,too_short_after_preprocess,,,,3.98659375,127571,127571,1,1.0,
Red-winged Tinamou_sound/Red-winged Tinamou28,D:\other\Bird\Dataset\CC0\Red-winged Tinamou_sound\Red-winged Tinamou28.mp3,D:\other\Bird\Code\data\kaggle_training_wav_cache_sp\Red-winged Tinamou_sound\Red-winged Tinamou28.wav,too_short_after_preprocess,,,,3.98659375,127571,127571,1,1.0,
Red-winged Tinamou_sound/Red-winged Tinamou30,D:\other\Bird\Dataset\CC0\Red-winged Tinamou_sound\Red-winged Tinamou30.mp3,D:\other\Bird\Code\data\kaggle_training_wav_cache_sp\Red-winged Tinamou_sound\Red-winged Tinamou30.wav,too_short_after_preprocess,,,,4.968,158976,158976,1,1.0,
Red-winged Tinamou_sound/Red-winged Tinamou31,D:\other\Bird\Dataset\CC0\Red-winged Tinamou_sound\Red-winged Tinamou31.mp3,D:\other\Bird\Code\data\kaggle_training_wav_cache_sp\Red-winged Tinamou_sound\Red-winged Tinamou31.wav,too_short_after_preprocess,,,,3.616,870192,115712,14,0.13297295309540882,
Rufous-vented Chachalaca_sound/Rufous-vented Chachalaca2,D:\other\Bird\Dataset\CC0\Rufous-vented Chachalaca_sound\Rufous-vented Chachalaca2.mp3,D:\other\Bird\Code\data\kaggle_training_wav_cache_sp\Rufous-vented Chachalaca_sound\Rufous-vented Chachalaca2.wav,too_short_after_preprocess,,,,4.08,143778,130560,2,0.9080666026791303,
Rufous-vented Chachalaca_sound/Rufous-vented Chachalaca28,D:\other\Bird\Dataset\CC0\Rufous-vented Chachalaca_sound\Rufous-vented Chachalaca28.mp3,D:\other\Bird\Code\data\kaggle_training_wav_cache_sp\Rufous-vented Chachalaca_sound\Rufous-vented Chachalaca28.wav,too_short_after_preprocess,,,,3.3554375,107374,107374,1,1.0,
Rufous-vented Chachalaca_sound/Rufous-vented Chachalaca3,D:\other\Bird\Dataset\CC0\Rufous-vented Chachalaca_sound\Rufous-vented Chachalaca3.mp3,D:\other\Bird\Code\data\kaggle_training_wav_cache_sp\Rufous-vented Chachalaca_sound\Rufous-vented Chachalaca3.wav,too_short_after_preprocess,,,,4.08,143778,130560,2,0.9080666026791303,
Rusty-margined Guan_sound/Rusty-margined Guan7,D:\other\Bird\Dataset\CC0\Rusty-margined Guan_sound\Rusty-margined Guan7.mp3,D:\other\Bird\Code\data\kaggle_training_wav_cache_sp\Rusty-margined Guan_sound\Rusty-margined Guan7.wav,too_short_after_preprocess,,,,3.27540625,105325,104813,1,0.9951388559221458,
Slaty-breasted Tinamou_sound/Slaty-breasted Tinamou13,D:\other\Bird\Dataset\CC0\Slaty-breasted Tinamou_sound\Slaty-breasted Tinamou13.mp3,D:\other\Bird\Code\data\kaggle_training_wav_cache_sp\Slaty-breasted Tinamou_sound\Slaty-breasted Tinamou13.wav,too_short_after_preprocess,,,,3.953875,126524,126524,1,1.0,
Slaty-breasted Tinamou_sound/Slaty-breasted Tinamou15,D:\other\Bird\Dataset\CC0\Slaty-breasted Tinamou_sound\Slaty-breasted Tinamou15.mp3,D:\other\Bird\Code\data\kaggle_training_wav_cache_sp\Slaty-breasted Tinamou_sound\Slaty-breasted Tinamou15.wav,too_short_after_preprocess,,,,4.44703125,142305,142305,1,1.0,
Slaty-breasted Tinamou_sound/Slaty-breasted Tinamou21,D:\other\Bird\Dataset\CC0\Slaty-breasted Tinamou_sound\Slaty-breasted Tinamou21.mp3,D:\other\Bird\Code\data\kaggle_training_wav_cache_sp\Slaty-breasted Tinamou_sound\Slaty-breasted Tinamou21.wav,too_short_after_preprocess,,,,3.57878125,114521,114521,1,1.0,
Slaty-breasted Tinamou_sound/Slaty-breasted Tinamou22,D:\other\Bird\Dataset\CC0\Slaty-breasted Tinamou_sound\Slaty-breasted Tinamou22.mp3,D:\other\Bird\Code\data\kaggle_training_wav_cache_sp\Slaty-breasted Tinamou_sound\Slaty-breasted Tinamou22.wav,too_short_after_preprocess,,,,3.57878125,114521,114521,1,1.0,
Slaty-breasted Tinamou_sound/Slaty-breasted Tinamou23,D:\other\Bird\Dataset\CC0\Slaty-breasted Tinamou_sound\Slaty-breasted Tinamou23.mp3,D:\other\Bird\Code\data\kaggle_training_wav_cache_sp\Slaty-breasted Tinamou_sound\Slaty-breasted Tinamou23.wav,too_short_after_preprocess,,,,3.94140625,126125,126125,1,1.0,
Slaty-breasted Tinamou_sound/Slaty-breasted Tinamou24,D:\other\Bird\Dataset\CC0\Slaty-breasted Tinamou_sound\Slaty-breasted Tinamou24.mp3,D:\other\Bird\Code\data\kaggle_training_wav_cache_sp\Slaty-breasted Tinamou_sound\Slaty-breasted Tinamou24.wav,too_short_after_preprocess,,,,3.88153125,124209,124209,1,1.0,
Slaty-breasted Tinamou_sound/Slaty-breasted Tinamou29,D:\other\Bird\Dataset\CC0\Slaty-breasted Tinamou_sound\Slaty-breasted Tinamou29.mp3,D:\other\Bird\Code\data\kaggle_training_wav_cache_sp\Slaty-breasted Tinamou_sound\Slaty-breasted Tinamou29.wav,too_short_after_preprocess,,,,4.12578125,132025,132025,1,1.0,
Slaty-breasted Tinamou_sound/Slaty-breasted Tinamou30,D:\other\Bird\Dataset\CC0\Slaty-breasted Tinamou_sound\Slaty-breasted Tinamou30.mp3,D:\other\Bird\Code\data\kaggle_training_wav_cache_sp\Slaty-breasted Tinamou_sound\Slaty-breasted Tinamou30.wav,too_short_after_preprocess,,,,4.12578125,132025,132025,1,1.0,
Solitary Tinamou_sound/Solitary Tinamou16,D:\other\Bird\Dataset\CC0\Solitary Tinamou_sound\Solitary Tinamou16.mp3,D:\other\Bird\Code\data\kaggle_training_wav_cache_sp\Solitary Tinamou_sound\Solitary Tinamou16.wav,too_short_after_preprocess,,,,1.856,66874,59392,1,0.8881179531656548,
Solitary Tinamou_sound/Solitary Tinamou17,D:\other\Bird\Dataset\CC0\Solitary Tinamou_sound\Solitary Tinamou17.mp3,D:\other\Bird\Code\data\kaggle_training_wav_cache_sp\Solitary Tinamou_sound\Solitary Tinamou17.wav,too_short_after_preprocess,,,,3.344,134119,107008,1,0.7978586180928876,
Solitary Tinamou_sound/Solitary Tinamou18,D:\other\Bird\Dataset\CC0\Solitary Tinamou_sound\Solitary Tinamou18.mp3,D:\other\Bird\Code\data\kaggle_training_wav_cache_sp\Solitary Tinamou_sound\Solitary Tinamou18.wav,too_short_after_preprocess,,,,0.72,334208,23040,1,0.0689391037916507,
Solitary Tinamou_sound/Solitary Tinamou30,D:\other\Bird\Dataset\CC0\Solitary Tinamou_sound\Solitary Tinamou30.mp3,D:\other\Bird\Code\data\kaggle_training_wav_cache_sp\Solitary Tinamou_sound\Solitary Tinamou30.wav,too_short_after_preprocess,,,,3.7021875,118470,118470,1,1.0,
Solitary Tinamou_sound/Solitary Tinamou6,D:\other\Bird\Dataset\CC0\Solitary Tinamou_sound\Solitary Tinamou6.mp3,D:\other\Bird\Code\data\kaggle_training_wav_cache_sp\Solitary Tinamou_sound\Solitary Tinamou6.wav,too_short_after_preprocess,,,,2.544,1000595,81408,6,0.08135959104332922,
Southern Cassowary_sound/Southern Cassowary18,D:\other\Bird\Dataset\CC0\Southern Cassowary_sound\Southern Cassowary18.mp3,D:\other\Bird\Code\data\kaggle_training_wav_cache_sp\Southern Cassowary_sound\Southern Cassowary18.wav,too_short_after_preprocess,,,,3.104,2559583,99328,29,0.03880632118591192,
Southern Cassowary_sound/Southern Cassowary21,D:\other\Bird\Dataset\CC0\Southern Cassowary_sound\Southern Cassowary21.mp3,D:\other\Bird\Code\data\kaggle_training_wav_cache_sp\Southern Cassowary_sound\Southern Cassowary21.wav,too_short_after_preprocess,,,,2.45978125,80249,78713,1,0.980859574574138,
Spotted Nothura_sound/Spotted Nothura18,D:\other\Bird\Dataset\CC0\Spotted Nothura_sound\Spotted Nothura18.mp3,D:\other\Bird\Code\data\kaggle_training_wav_cache_sp\Spotted Nothura_sound\Spotted Nothura18.wav,too_short_after_preprocess,,,,2.336,132551,74752,10,0.5639489705849069,
Taczanowskis Tinamou_sound/Taczanowskis Tinamou5,D:\other\Bird\Dataset\CC0\Taczanowskis Tinamou_sound\Taczanowskis Tinamou5.mp3,D:\other\Bird\Code\data\kaggle_training_wav_cache_sp\Taczanowskis Tinamou_sound\Taczanowskis Tinamou5.wav,too_short_after_preprocess,,,,1.04,33792,33280,1,0.9848484848484849,
Taczanowskis Tinamou_sound/Taczanowskis Tinamou6,D:\other\Bird\Dataset\CC0\Taczanowskis Tinamou_sound\Taczanowskis Tinamou6.mp3,D:\other\Bird\Code\data\kaggle_training_wav_cache_sp\Taczanowskis Tinamou_sound\Taczanowskis Tinamou6.wav,too_short_after_preprocess,,,,1.04,33792,33280,1,0.9848484848484849,
Tataupa Tinamou_sound/Tataupa Tinamou20,D:\other\Bird\Dataset\CC0\Tataupa Tinamou_sound\Tataupa Tinamou20.mp3,D:\other\Bird\Code\data\kaggle_training_wav_cache_sp\Tataupa Tinamou_sound\Tataupa Tinamou20.wav,too_short_after_preprocess,,,,3.424,425228,109568,8,0.2576688270762979,
Tataupa Tinamou_sound/Tataupa Tinamou26,D:\other\Bird\Dataset\CC0\Tataupa Tinamou_sound\Tataupa Tinamou26.mp3,D:\other\Bird\Code\data\kaggle_training_wav_cache_sp\Tataupa Tinamou_sound\Tataupa Tinamou26.wav,too_short_after_preprocess,,,,3.552,129792,113664,9,0.8757396449704142,
Thicket Tinamou_sound/Thicket Tinamou17,D:\other\Bird\Dataset\CC0\Thicket Tinamou_sound\Thicket Tinamou17.mp3,D:\other\Bird\Code\data\kaggle_training_wav_cache_sp\Thicket Tinamou_sound\Thicket Tinamou17.wav,too_short_after_preprocess,,,,4.26,136320,136320,1,1.0,
Thicket Tinamou_sound/Thicket Tinamou22,D:\other\Bird\Dataset\CC0\Thicket Tinamou_sound\Thicket Tinamou22.mp3,D:\other\Bird\Code\data\kaggle_training_wav_cache_sp\Thicket Tinamou_sound\Thicket Tinamou22.wav,too_short_after_preprocess,,,,2.576,582144,82432,13,0.14160070360598065,
Thicket Tinamou_sound/Thicket Tinamou25,D:\other\Bird\Dataset\CC0\Thicket Tinamou_sound\Thicket Tinamou25.mp3,D:\other\Bird\Code\data\kaggle_training_wav_cache_sp\Thicket Tinamou_sound\Thicket Tinamou25.wav,too_short_after_preprocess,,,,3.216,211674,102912,15,0.4861815811105757,
Thicket Tinamou_sound/Thicket Tinamou26,D:\other\Bird\Dataset\CC0\Thicket Tinamou_sound\Thicket Tinamou26.mp3,D:\other\Bird\Code\data\kaggle_training_wav_cache_sp\Thicket Tinamou_sound\Thicket Tinamou26.wav,too_short_after_preprocess,,,,3.216,211674,102912,15,0.4861815811105757,
White-bellied Nothura_sound/White-bellied Nothura13,D:\other\Bird\Dataset\CC0\White-bellied Nothura_sound\White-bellied Nothura13.mp3,D:\other\Bird\Code\data\kaggle_training_wav_cache_sp\White-bellied Nothura_sound\White-bellied Nothura13.wav,too_short_after_preprocess,,,,2.368,650345,75776,16,0.11651661810269934,
White-bellied Nothura_sound/White-bellied Nothura14,D:\other\Bird\Dataset\CC0\White-bellied Nothura_sound\White-bellied Nothura14.mp3,D:\other\Bird\Code\data\kaggle_training_wav_cache_sp\White-bellied Nothura_sound\White-bellied Nothura14.wav,too_short_after_preprocess,,,,2.368,650345,75776,16,0.11651661810269934,
White-bellied Nothura_sound/White-bellied Nothura30,D:\other\Bird\Dataset\CC0\White-bellied Nothura_sound\White-bellied Nothura30.mp3,D:\other\Bird\Code\data\kaggle_training_wav_cache_sp\White-bellied Nothura_sound\White-bellied Nothura30.wav,too_short_after_preprocess,,,,4.928,158208,157696,1,0.9967637540453075,
Yellow-legged Tinamou_sound/Yellow-legged Tinamou2,D:\other\Bird\Dataset\CC0\Yellow-legged Tinamou_sound\Yellow-legged Tinamou2.mp3,D:\other\Bird\Code\data\kaggle_training_wav_cache_sp\Yellow-legged Tinamou_sound\Yellow-legged Tinamou2.wav,too_short_after_preprocess,,,,4.395625,140660,140660,1,1.0,
Yellow-legged Tinamou_sound/Yellow-legged Tinamou3,D:\other\Bird\Dataset\CC0\Yellow-legged Tinamou_sound\Yellow-legged Tinamou3.mp3,D:\other\Bird\Code\data\kaggle_training_wav_cache_sp\Yellow-legged Tinamou_sound\Yellow-legged Tinamou3.wav,too_short_after_preprocess,,,,4.395625,140660,140660,1,1.0,
Yellow-legged Tinamou_sound/Yellow-legged Tinamou4,D:\other\Bird\Dataset\CC0\Yellow-legged Tinamou_sound\Yellow-legged Tinamou4.mp3,D:\other\Bird\Code\data\kaggle_training_wav_cache_sp\Yellow-legged Tinamou_sound\Yellow-legged Tinamou4.wav,too_short_after_preprocess,,,,4.395625,140660,140660,1,1.0,
Yellow-legged Tinamou_sound/Yellow-legged Tinamou5,D:\other\Bird\Dataset\CC0\Yellow-legged Tinamou_sound\Yellow-legged Tinamou5.mp3,D:\other\Bird\Code\data\kaggle_training_wav_cache_sp\Yellow-legged Tinamou_sound\Yellow-legged Tinamou5.wav,too_short_after_preprocess,,,,4.395625,140660,140660,1,1.0,
Yellow-legged Tinamou_sound/Yellow-legged Tinamou6,D:\other\Bird\Dataset\CC0\Yellow-legged Tinamou_sound\Yellow-legged Tinamou6.mp3,D:\other\Bird\Code\data\kaggle_training_wav_cache_sp\Yellow-legged Tinamou_sound\Yellow-legged Tinamou6.wav,too_short_after_preprocess,,,,4.395625,140660,140660,1,1.0,
